<?xml version="1.0" encoding="UTF-8"?>
<project-private xmlns="http://www.netbeans.org/ns/project-private/1">
    <editor-bookmarks xmlns="http://www.netbeans.org/ns/editor-bookmarks/2" lastBookmarkId="0"/>
    <open-files xmlns="http://www.netbeans.org/ns/projectui-open-files/2">
        <group>
            <file>file:/C:/Users/sebastian/OneDrive/Escritorio/Universidad/Cuatrimestres/III%20Cuatri/Cliente%20Servidor/AutenticacionUsuarios(Avance2)/src/autenticacionusuarios/avance2/Cliente.java</file>
            <file>file:/C:/Users/sebastian/OneDrive/Escritorio/Universidad/Cuatrimestres/III%20Cuatri/Cliente%20Servidor/AutenticacionUsuarios(Avance2)/src/autenticacionusuarios/avance2/AutenticacionUsuariosAvance2.java</file>
            <file>file:/C:/Users/sebastian/OneDrive/Escritorio/Universidad/Cuatrimestres/III%20Cuatri/Cliente%20Servidor/AutenticacionUsuarios(Avance2)/src/autenticacionusuarios/avance2/Servidor.java</file>
            <file>file:/C:/Users/sebastian/OneDrive/Escritorio/Universidad/Cuatrimestres/III%20Cuatri/Cliente%20Servidor/AutenticacionUsuarios(Avance2)/src/autenticacionusuarios/avance2/GestionUsuarios.java</file>
            <file>file:/C:/Users/sebastian/OneDrive/Escritorio/Universidad/Cuatrimestres/III%20Cuatri/Cliente%20Servidor/AutenticacionUsuarios(Avance2)/src/autenticacionusuarios/avance2/Conexion.java</file>
            <file>file:/C:/Users/sebastian/OneDrive/Escritorio/Universidad/Cuatrimestres/III%20Cuatri/Cliente%20Servidor/AutenticacionUsuarios(Avance2)/src/autenticacionusuarios/avance2/Usuarios.java</file>
        </group>
    </open-files>
</project-private>
